{"train": [4.6788738795689175, 4.216775417327881, 4.063022654397147, 3.9668676580701554, 3.894628289767674, 3.836036923953465, 3.785549214908055, 3.7475338118416923, 3.704668028014047, 3.6668473856789725], "val": [2.53687051932017, 2.448758840560913, 2.573631683985392, 2.481061577796936, 2.4430938959121704, 2.5243452390034995, 2.6596320470174155, 2.6151428620020547, 2.5608779191970825, 2.6017168760299683]}